<?xml version="1.0" encoding="US-ASCII"?>
<SoftwareAG_License>
<Component Id="SalesInfo">
<SerialNumber>0000031651</SerialNumber>
<LicenseKey>A3F7158DC89142ACF1AD56C493654695</LicenseKey>
<CustomerID>LK-LIN</CustomerID>
<CustomerName>Software AG Internal</CustomerName>
<ContractDetails>1</ContractDetails>
<ContractPosNumber/>
<LicenseTypeDetails>Internal</LicenseTypeDetails>
<AutoCallHome/>
</Component>
<Component Id="ProductInfo">
<ExpirationDate>2019/12/01</ExpirationDate>
<OS>Linux</OS>
<ProductCode>LJPNE</ProductCode>
<ProductName>AgileApps Enterprise</ProductName>
<ProductVersion>10.8</ProductVersion>
<Usage>1</Usage>
<RenewalDate/>
<HigherLevPosNr/>
<HigherLevProdCode/>
<HigherLevProdName/>
</Component>
<Component Id="LicenseInfo">
<PriceUnit>CoreA</PriceUnit>
<PriceQuantity>1</PriceQuantity>
<TypeOfInstallation>1</TypeOfInstallation>
<LicenseType/>
<LicenseVersion>1.2</LicenseVersion>
<Metering/>
</Component>
<Component Id="AgileAppsLive">
<ProductCode>LJPNE</ProductCode>
<ProductVersion>10.8</ProductVersion>
</Component>
</SoftwareAG_License>