<?xml version="1.0" encoding="US-ASCII"?>
<SoftwareAG_License>
<Component Id="SalesInfo">
<SerialNumber>0000404400</SerialNumber>
<LicenseKey>C73A4987F771B74BB9F3EB954E4D7469</LicenseKey>
<CustomerID>3150000</CustomerID>
<CustomerName>Software AG for Solution Book Internal USE ONLY</CustomerName>
<ContractDetails>SOFTWARE AG internal license solely for sales promotion and internal training purposes. Please note that this access key is for your personal use only. Access and software shall not be forwarded to anybody else</ContractDetails>
<ContractPosNumber>10</ContractPosNumber>
<LicenseTypeDetails>External</LicenseTypeDetails>
<AutoCallHome>No</AutoCallHome>
</Component>
<Component Id="ProductInfo">
<ExpirationDate>2019/04/24</ExpirationDate>
<OS>Linux</OS>
<ProductCode>DBOSA</ProductCode>
<ProductID/>
<ProductName>Dynamic Business Orchestrator (Standard)</ProductName>
<ProductVersion>10.0</ProductVersion>
<Usage/>
<RenewalDate/>
<HigherLevPosNr/>
<HigherLevProdCode/>
<HigherLevProdName/>
</Component>
<Component Id="DBOServer">
<ProductCode>DBO</ProductCode>
<ProductVersion>10.0</ProductVersion>
<Container>IS</Container>
</Component>
<Component Id="DBOFeatures">
<ProcessDesignAPI>no</ProcessDesignAPI>
<DynamicProcessInjectionIntrinsic>yes</DynamicProcessInjectionIntrinsic>
<DynamicProcessInjectionExternal>no</DynamicProcessInjectionExternal>
<AIMLPredictionsDBO>no</AIMLPredictionsDBO>
</Component>
<Component Id="DBOEdition">
<Edition>webMethods</Edition>
<AdditionalFeatures>no</AdditionalFeatures>
</Component>
<Component Id="LicenseInfo">
<PriceUnit>SCP</PriceUnit>
<PriceQuantity>1</PriceQuantity>
<TypeOfInstallation/>
<LicenseType/>
<ExtendedRights/>
<LicenseVersion>1.2</LicenseVersion>
<Metering>Not Required</Metering>
</Component>
</SoftwareAG_License>