<?xml version="1.0" encoding="US-ASCII"?>
<SoftwareAG_License>
<Component Id="SalesInfo">
<SerialNumber>0000031625</SerialNumber>
<LicenseKey>F84AA8B5EF3B95F19EEBDDCAA2C12F86</LicenseKey>
<CustomerID>LK-LIN</CustomerID>
<CustomerName>Software AG Internal</CustomerName>
<ContractDetails>1</ContractDetails>
<ContractPosNumber>1</ContractPosNumber>
<LicenseTypeDetails>Internal</LicenseTypeDetails>
<AutoCallHome/>
</Component>
<Component Id="ProductInfo">
<ExpirationDate>2019/12/01</ExpirationDate>
<OS>Linux</OS>
<ProductCode>PIE</ProductCode>
<ProductID/>
<ProductName>webMethods Integration Server</ProductName>
<ProductVersion>10.0</ProductVersion>
<Usage>1</Usage>
<RenewalDate/>
<HigherLevPosNr/>
<HigherLevProdCode/>
<HigherLevProdName/>
</Component>
<Component Id="Integration Server">
<ProductCode>PIE</ProductCode>
<ProductVersion>10.0</ProductVersion>
<ConcurrentSessions>Unlimited</ConcurrentSessions>
<Clustering>yes</Clustering>
<PubSub>yes</PubSub>
<ART>yes</ART>
<RemoteInvoke>yes</RemoteInvoke>
<GuaranteedDelivery>yes</GuaranteedDelivery>
<SecurityAuditing>yes</SecurityAuditing>
<DistributedCache>yes</DistributedCache>
<EnterpriseGateway>yes</EnterpriseGateway>
<Microservices>no</Microservices>
</Component>
<Component Id="Trading Networks">
<ProductCode/>
<MaxPartners/>
</Component>
<Component Id="LicenseInfo">
<PriceUnit>CoreA</PriceUnit>
<PriceQuantity>1</PriceQuantity>
<TypeOfInstallation>1</TypeOfInstallation>
<LicenseType/>
<ExtendedRights/>
<LicenseVersion>1.2</LicenseVersion>
<Metering/>
</Component>
</SoftwareAG_License>